-- phpMyAdmin SQL Dump
-- version 4.5.1
-- http://www.phpmyadmin.net
--
-- Servidor: 127.0.0.1
-- Tiempo de generación: 26-06-2016 a las 23:51:23
-- Versión del servidor: 10.1.13-MariaDB
-- Versión de PHP: 5.6.21

SET SQL_MODE = "NO_AUTO_VALUE_ON_ZERO";
SET time_zone = "+00:00";


/*!40101 SET @OLD_CHARACTER_SET_CLIENT=@@CHARACTER_SET_CLIENT */;
/*!40101 SET @OLD_CHARACTER_SET_RESULTS=@@CHARACTER_SET_RESULTS */;
/*!40101 SET @OLD_COLLATION_CONNECTION=@@COLLATION_CONNECTION */;
/*!40101 SET NAMES utf8mb4 */;

--
-- Base de datos: `practica_510`
--

-- --------------------------------------------------------

--
-- Estructura de tabla para la tabla `aficion`
--

CREATE TABLE `aficion` (
  `descripcion` varchar(255) NOT NULL,
  `usuario_correo` varchar(30) NOT NULL
) ENGINE=InnoDB DEFAULT CHARSET=latin1;

--
-- Volcado de datos para la tabla `aficion`
--

INSERT INTO `aficion` (`descripcion`, `usuario_correo`) VALUES
('Filologia', 'ana'),
('Garzón', 'ana'),
('Tortugas', 'ana'),
('tres', 'dani'),
('gatos', 'daniel'),
('perros', 'daniel'),
('BMW', 'hola'),
('Mercedes', 'hola'),
('1', 'ivan'),
('3', 'ivan'),
('5', 'ivan'),
('1', 'tere'),
('2', 'tere'),
('3', 'tere'),
('4', 'tere'),
('5', 'tere'),
('6', 'tere'),
('motos', 'tere1'),
('seis', 'tolai'),
('tres', 'tolai');

-- --------------------------------------------------------

--
-- Estructura de tabla para la tabla `contesta`
--

CREATE TABLE `contesta` (
  `relevancia` int(11) NOT NULL,
  `usuario_correo` varchar(30) NOT NULL,
  `opcion_idOpcion` int(11) NOT NULL
) ENGINE=InnoDB DEFAULT CHARSET=latin1;

-- --------------------------------------------------------

--
-- Estructura de tabla para la tabla `hibernate_sequence`
--

CREATE TABLE `hibernate_sequence` (
  `next_val` bigint(20) DEFAULT NULL
) ENGINE=InnoDB DEFAULT CHARSET=latin1;

--
-- Volcado de datos para la tabla `hibernate_sequence`
--

INSERT INTO `hibernate_sequence` (`next_val`) VALUES
(2),
(2),
(2);

-- --------------------------------------------------------

--
-- Estructura de tabla para la tabla `mensaje`
--

CREATE TABLE `mensaje` (
  `idMensaje` int(11) NOT NULL,
  `fechaYHora` date DEFAULT NULL,
  `leido` bit(1) NOT NULL,
  `emisor_correo` varchar(30) DEFAULT NULL,
  `receptor_correo` varchar(30) DEFAULT NULL
) ENGINE=InnoDB DEFAULT CHARSET=latin1;

--
-- Volcado de datos para la tabla `mensaje`
--

INSERT INTO `mensaje` (`idMensaje`, `fechaYHora`, `leido`, `emisor_correo`, `receptor_correo`) VALUES
(1, '1970-01-01', b'0', 'ivan', 'ana');

-- --------------------------------------------------------

--
-- Estructura de tabla para la tabla `mtipopetamistad`
--

CREATE TABLE `mtipopetamistad` (
  `idMensaje` int(11) NOT NULL
) ENGINE=InnoDB DEFAULT CHARSET=latin1;

-- --------------------------------------------------------

--
-- Estructura de tabla para la tabla `mtipopregunta`
--

CREATE TABLE `mtipopregunta` (
  `idMensaje` int(11) NOT NULL,
  `pregunta_id` int(11) DEFAULT NULL
) ENGINE=InnoDB DEFAULT CHARSET=latin1;

-- --------------------------------------------------------

--
-- Estructura de tabla para la tabla `mtipotexto`
--

CREATE TABLE `mtipotexto` (
  `texto` varchar(255) DEFAULT NULL,
  `idMensaje` int(11) NOT NULL
) ENGINE=InnoDB DEFAULT CHARSET=latin1;

--
-- Volcado de datos para la tabla `mtipotexto`
--

INSERT INTO `mtipotexto` (`texto`, `idMensaje`) VALUES
('hola', 1);

-- --------------------------------------------------------

--
-- Estructura de tabla para la tabla `opcion`
--

CREATE TABLE `opcion` (
  `idOpcion` int(11) NOT NULL,
  `numeroOrden` int(11) NOT NULL,
  `texto` varchar(255) DEFAULT NULL,
  `preguntaMadre_id` int(11) DEFAULT NULL
) ENGINE=InnoDB DEFAULT CHARSET=latin1;

-- --------------------------------------------------------

--
-- Estructura de tabla para la tabla `pregunta`
--

CREATE TABLE `pregunta` (
  `id` int(11) NOT NULL,
  `enunciado` varchar(255) DEFAULT NULL
) ENGINE=InnoDB DEFAULT CHARSET=latin1;

-- --------------------------------------------------------

--
-- Estructura de tabla para la tabla `usuario`
--

CREATE TABLE `usuario` (
  `correo` varchar(30) NOT NULL,
  `descripcion` varchar(255) DEFAULT NULL,
  `fechaNacimiento` date DEFAULT NULL,
  `genero` varchar(255) NOT NULL,
  `imagenPerfil` longblob,
  `interes` varchar(255) NOT NULL,
  `latitud` double NOT NULL,
  `longitud` double NOT NULL,
  `nombre` varchar(40) NOT NULL,
  `psw` varchar(16) NOT NULL
) ENGINE=InnoDB DEFAULT CHARSET=latin1;

--
-- Volcado de datos para la tabla `usuario`
--

INSERT INTO `usuario` (`correo`, `descripcion`, `fechaNacimiento`, `genero`, `imagenPerfil`, `interes`, `latitud`, `longitud`, `nombre`, `psw`) VALUES
('aghjs', 'd2', NULL, 'HOMBRE', NULL, 'HOMBRE', 45, 123, 'f', '1222'),
('ana', 'retret', '1995-10-02', 'MUJER', NULL, 'HOMBRE', 40.95770005669916, 3.814034683741308, 'Ana', '1234'),
('dani', 'hola pesicola', '2016-06-09', 'HOMBRE', NULL, 'MUJER', 0, 0, 'Daniel', '1234'),
('daniel', 'eeertert', '2016-06-08', 'HOMBRE', NULL, 'MUJER', 0, 0, 'Danbiel', '1234'),
('dghjgf', 'd2', NULL, 'HOMBRE', NULL, 'HOMBRE', 345, 123, 'f', '1222'),
('dghjghjd', 'd2', NULL, 'HOMBRE', NULL, 'HOMBRE', 1234, 123, 'f', '1222'),
('dsdggggd', 'd2', NULL, 'HOMBRE', NULL, 'HOMBRE', 4235, 123, 'f', '1222'),
('dsghjgjjjjf', 'd2', NULL, 'HOMBRE', NULL, 'HOMBRE', 345, 123, 'f', '1222'),
('hola', 'wertet', '2016-06-09', 'HOMBRE', NULL, 'MUJER', 40.29270922041877, 3.2781899829443284, 'Hola', '1234'),
('ivan', 'Holaaaa!', '1995-03-10', 'HOMBRE', NULL, 'MUJER', 40.70713545994865, 3.488199397140227, 'ivan', '1234'),
('jose', 'Conductor al volante', '1966-06-15', 'HOMBRE', NULL, 'MUJER', 40.8851017463356, 3.702500140542684, 'Jose', '1234'),
('tere', 'terrtert', NULL, 'MUJER', 0x89504e470d0a1a0a0000000d4948445200000064000000640802000000ff80020300003f824944415478daedbd675853dbba05bc7f7dcfbde79eb28b05453a093d2494d0a4171b569aa82088bd5714b1813451901a3a2ad27befbd28557a979a40e8104a7ad6fae65a01b7676f773de7dc7deef71d9ef92c570204d7c878c73bde77ce35f315fc9faf5ffdf5d57f20f80f58ff01eb3f60fd07acf52fe8a79f83f803da1830c45b7f08419fbe0b43dfffd8975fedff0b60ad5fe93a0ee8339f4e7830c485201ef4e9f2a1cfd1837f0116f08bf0faaf439fbd1d28dcff579985f263832af03a4978c8457e7ed9d0329b37cbe0752f701a66b9051456f618276b8c9535cecc1e63e68cb1b24799f96466e30c67608933c7e02eb3789ffd3a7835e405f95f7c5efedf040be233601d341e72cefb44a2c9355ed32c37638c11dccbbcdfbc76ae76d5be6ad9be0a1c57ecaa964f56ae9caca421a38a665bb9625b099e0127b43335ab771bd782bb19e9c38cc619eee42af7fbf7651d38f85f8dd7bf2a0cf98ce2429f420c30082a9f60fb74326e37aedad72c1f4380a0d954add8562ddb562ed955ad3854af9eaa5972a85e3a5db572aa66c5011cab56017cf6954b361534ebb245eb329a75e99245c9925dc5d2ad77cbdeadf412327b9ec1f914c85ce8ff20b3f811c7bf0606176a9b6787f7312fbc5b75a859b1a95c3d59bd74b272d9b662f97cedcaed86d5272d6bbe9df457038cf41126b8f8fc714e1e999537ceca1b63e78eb1328799affb19415df4a74dabf71b562ed62c9f4420a31d2b5d02c0d9962d9ea95a2275adb5ccb0195cde4f67957f27b03e97d78d7080004cc514965bebaa6dd5ca491062d520b240b8ad5c7ebfe2dfc5c81865d5cf7087689c05268fc983e81cde3207a2b1a02516b4c8e28127a7e83c2a9d3bc5e04cd1d95374ee249dd7bbc8ada6b232c718113d74009c4df9924de9d28992252b805df1a26bd35ac1388bb9c12e2ef4778902fa3e87fce1ccda1071fe7f95cd83aba7d84e8d002604a053407d2a6817eb567d3ae8d554f6c41a6f91c963f320169707347b860151d67863cb9c411ab76f91d735c76e9fe7b6cc7280ae374c73de4db16ba9ac1a2abb8eca6e98627f9863f72c71bb1739cdb3ec0a0a33bc67ed66ddb26dd91200cbaa68e168d1c2eddae5ea09269bc7c78b9f30a1cfeccabf05b336e082a18145eeb3f635800e906d2040406e8030c70f318697013a1093cb5be37017991020cef80a6f789937b0c8e95d6077cd038cd8adb31c10508dd39c7a2aebdd14ab66925941619552d8456456fe38336b949139c448fb484f1d62e68d31cb2698355456dd342b7988e9dab86657b2685d3c7fb470c1b268fe69cb72df025fcb783c1efc29d540ff0e6071d0d85be3f0e20659676b966d2a019b564e542eddac5fc9196353d710050351b9c4e2cd317813abbcd165ded032bb7f0950890b90ea0430cdb15ba6198dd38cf754662d85514da65790e965647ac9d85ac1e85afe283d678491354c4f1ba2277fa4270cd263fae8913df4a8aeb5377dab1940ec28aca421c6c386e593c58b470be72c0ae64f962cbeea5d5b453886f07dddf3fdb161b8c129786899f3a479ed7839ed74150db0e95c352dee237d9e01717830d0111077334c1e65953b46e30dd1b8834b9cfe054eef1cbb6b8ed536cb6c03a1b70877d0e0361adcba0cb7adc24d2b70fd125c350b574cc3c59370ee383b7d989e3cb892d84f8fefa3c7f4aebcee5901488577ad0474acf9b4aef8b62e4774afa50ed15ff7afdd7ab778bc70f168fe9c79de9c53edd2d0229b6f85797f2c589ffe721d9573a69a0614f754e5d28972dab3b6d5be4536f82e1dd16c001334b1c6056c1aa17101a6bd73acbe0576ff0a3cb806f7adc0bd2b70d3243defc350747e5d584e854f6ca6936f84d3cbc8c72171bea925cf53ca02f21b5ebd1f4e1958cd1887934678f14350cc475e543f2ba46b35a06dd9af79d9f7c38a57f3f2d37a9a4b3dcde7c372741ffd45ebea99b279eb8279f3dcf91345f35514c67aee81fe903084d6450afcfdb841864d390db821a05367ab96b24719ab1c8803828e8d24b58935cef83277040c1a902756ef3c8bcc86fb97e1f7c3d36ff32aef3cf5363e6821afaca6a04890959291c54a61c5c424b76f93dabe0d2b2c2c83c1ca60a4a4a5656571ca722aea1a26fb0f9ebf73ce2be27142954ff5987f2b8d3400fb76b03ceb179f362cb9d42f3d7cbf7ca79a76ab86e6dab0e4d7b67abd66e958c19c45ee9c79eedcebeed57597fc7d30fc66c9ff9d60f1df23401c5217fd78d99243e51238dea95fe99ee7405c205ed012039e5983c82bd0e80a7794c6f9b8c81e5ce28e33e0613a9c585c7de1c65d452555814d5b1404b7ef14dabe5b54d05a52e48c8cd8255989cbf2124e38ec6345ec4d9ce44559f1cb7212a7a444ad2445f68aeed013de461412c06cdf2ab0752b06a76c60617ff26998536ef7b35ed8b589e95c4773ac99bd5dbd70ad72e16cd9c2b9b285c7f5b4bb754bc70be6ad72e70e67cfbf6ca181ff30f29fe7f1ad0ef45b89f6d5ef8d3e0848e7cb8e55ab9205874a9a75c992c787152ac87310446343b34c0e658d3b0e605ae100c9f84843601a98e744a71498599f94109314fdf6db03922257e5a5eee3309e78c9974a98974ad8174ad8e704cc7382d43302c60b8ff1c663bd09986778cc0b02f2dd0065acb792b41b1e7b1787bd2a8fb5c68aaa6edb24bcf93b69bc9aaef5d5cb098df7de2fdfaea35f299bbf58327bb664f164f19c75fefcd9d2c5abd5f376c57300af0399335e8d4ba8115baf577f6b2fe3abdfa3e8c09773e097ad6b478b971c2a6856458ba4ced51516c4e4c0c04fced2b99455e09bd82334f6c745e6181d1e5a81e3f2ca771d3822b86d9bdcd6adc7b0a21e2a327eca52c12a322455d95075f9084d85684dc5b7da60e062b414dfee548cd1c2456a2a84a9cb07aacafaa8c87812b0ae38093745714f3ce6391e600a7094f25691be8797de2528a829b54940609bf29e1336915597aa1967ca574fe64f1fcb9fb1ce9bb3c89a3d913f77b674de3a6ffe68ceecfe8c59cf7a1af29eae03f6af0c437eb803e312d8b966510438b5685eb418d4b9b2c2e601862f30b9c0739397118739bcc806598fcc81cb5afa4e9cbe282824ac22b8fd1a4e3a5c532171a742a236215d4f39c74025df58b5d048a5c058b5c8885860ac5e6044cc3724e61ba9a2cf138b8cd48a8c89b9062a297a4ab1daf83075391f25ac9ba2843b1ee3a584759793f29413adbca339597f2bead9610db94d82dbc5d42caf58c5b6d994d32db3672d7366ac7267cdb39171143ccc06fc9a324d9bf26da281da9ef7dbd1faea7748d5db01ba55f1e2a9321ab07fc11dabc085afb1e145c419002de7002d1f5c60915970ff2cd3cd371823aba0b163ab07513ed540a508a08380a2868062a49a6ba49a63a89a6f40cc3152c931444696a1722e7868a8920b86816aae2132f20c550b8c548b8dc091986da012a783f753917e2a2319ac2fd6fbda8837e10ecf46c2b3a10b5d6ede8e7ab2229bc4a4140def855be52d59e52f5a644e59e50098a62db266ccb3662cc1c89e314d9f79d5b98c587cdee74615fa6780b511d97c9f025c3570c976a5c0fb2d808cb3cc86d6d83c1429600eb8c34bacc105f604072e69eed96b662926b0e92a4126cf48a3dc18a04304579e6348cc3654ca014018a8e42124220206951811cbc030562b3326969a10cb4dd44a77a9179ba815181301528080d9e831df080cb51c1db53c03fc3b273cfdc34978c60fa290786324ce68103cea088f1f9eaec29f329514dabc4df590fde198aea385ab161954f3ac69308e644d9b6522276659d307d267cac718df9790fc4ed22fe1f5d5afe614526e81c83a59b260035c7211c8354b0b4c08b8f679945300a98f8b0c60a3c80c38342e4d525c526b875084b66ad52e04916c433540963c23e53c03b50243d5526315845cc66ad9c6aa11da8447ca0af795e51d95e5ae13e4ee13e4eee0b04f0932afd5f1997aca45bb88950870aa79c6aad97ac41c6da5c68b84c56c6378e2314c0d81c6c378e410eec70770cf2eb84d6aa154b6c857fde545fda386444981cdd24a5a7b7d0a2d0b568e644e5a66204899654c99a5cf5a644e1f4c9fb6c89c1d5860a1fefe537ffb178aed5f0316ffc5105ceed70342cd1f2f5abc50b1384ce33038dc1508aaef187c191a3dc1848657a0be39fa75e7c7c2dbb63f3e6af2ce4abe649752860e31c780986f00a20909b47c43d50c0362b8b6b23341d6444c94282b75f688f1dbc76713dd2ec4b89e4b7c7a8974cffec129b393a67a0775d5762bca1f10177b48907eaba992b353b5e6048e1aab06f73bc0532fb9e36110399437ec01f759c25df2b365f2453e1aae27f56f59e8df3ba2ebbe47e5baa2b4fc0e415109acf19304f35cda918ca923e9534732a70f03d4d2a6cc3267f7a54cdd2c9d07f510daa3de281f21de3fc4ac4f01f8ba9761963f675bbc70ac7011adeca1193a678e07dbd89db53b7d9106c30d839387ac6c84b66c7655949a4a0de4b6df1a7ff697f67362c57bf1b97a20a094015220c462740896b2581b3db54b66bbbc2e1d8d797cae27f631dc1005bf0f87eb43e18608b8290a6e8a5e2cf16b8c768e7c78c1728fe13913e981203ca7fd284cf5802622b9e351bc116fb8cf1aee569e2f952b7caee161a777cb4cdfd952df651fd15d4dc6534102d88e07042c514c68c73601bd1bc166b9b44369d4c3e9d347d2a70fa74d1f4e9f32cfa09a2452c35b691b5a0cad775bff11b0f82fd0b7c0b2295eb02d9a07055744e732a88ae756d90b309c905d8a11deba7bf79ebc9a16e37d07a5b76c0ed5512ad1572eb5dcc95be985fb8fb352bfa67a7dd7602b9dabaf1eabaf729620e771723f39c56dbee8e55a5920541bb254ec3f9dfb62ad2288510e463038d2cb03e8e581ecca30f8dd6bb8c5875563bbd0b80f9e7c085123b89448eee83378d001ee525bad96a90e517de6a07bdd4cffbe9581eb410d370d594f458c97a2a4175eca0d58363ce6315eda40424c78fb769d5b8166d98b8753a68ea4518fa44e1f4a0590510fa44e1d4e9bea9e6521bd805fd195f8ea676bbef5e40a6c895be332a09555c1fcad6a1a7595b7c4e44cd3b9dd53b483fb4d533c45776b63c4b1724a62a251ba4a65268842e5e9cacf578541cc7e5eab123377c77ce0ff7c3885f5c0cb1b6344ed0f18a63dbbb25a12c0ae26312b0239d5c1bcea10666520a32a885d11c4aa0a625586332bc3d9552eac3a5bf68703f0f015783284371ecd1b7986c4608ffa728d6c4d88f2f3b3bab7cc0dee59e93f37df99b04f234613e78993f4c003972be5891c311e8a52805f9e04693d49312181ed0677c28fe4ae1c4c993c9832b53f957a28957a24657a5702d5b912941dfc29b8df0ed6e7d9944fab4a32d32c6fdea670ce3277ae649c014cf0e40a678a0b3f7a1ee1756907af194f2488c98888bcd20348a9671ba9e419abe5ec941df0b74788d97f11fa20c34815a43efbafea07a63dd1aefd09aec3a91e2b25018caa405605895511c8ac04008111ccac8c605500989ef0de1f865a4da08f17204a088f12cd19f284076de06e2d7aad6c1589e87b5eeff641dd47d6865e963a6ff76a00352c3400c6422d425dde0d27e989c77aa1600196798032008f75c14b134585c444c48cddd30f672d1e4c9a38983c098efb93a98752268de3292523abebd345bf59e0a1cf9b3f3c061bba5eb568953f6f963bebd6b0b4c2e2ced23963ab50edc09ca9117ea2d684d3a6edb05fd44b59b17217f041887bca33226669e1da5d8ec0f022341907b74871de2b3023fe9c755bf2f691dd91b74e34473baf96fab32b43d90020005925890560aa0c6555dfe3d6ef87da8ce0c173f078004489e40db9c1fdc7e02ea5d9325c6520d1e79cfef583da77cd741e9ddc754a0397873a8f7ce48f0257a10a5cd84b6569c4b2e211983c50bc3c15b1cf15310ff05805911d92520afb821a0e662c9a26920f244fed4f9a3c903cb93b7ef24cee34b8cc5f2c17bffa891631ef9307c91b661ec9993d9e3f7ba260ae75860dca1a60a6c6b9b0939bff93736230f538ab43f59db3428e861ac8ee7946a8873456cdd122743cd80d4363d05c15d488815a95d8a9027d4fb6e7dc3d91eb722ee7c5b5f9c2172000d91524666524b332805d7b8d570fd2bf3e3c78012607f1c6a3a08fce70ef11b80bb7502a57e0abee61a773ed80eeed23dac1570eb546dd1b4df73a6fb1eb3856a27017f2f6e41a02a38f78d7f89d780f4594560858584f45846800be1778cc0d9c14769b809cdefe7df1a300a97d0914d3c4c9fd49540099711c25bd6f05b5a9bcdfc62c6863da0f60058a98fb75cb47b2670e67cffab52cd3d83cea2abb6f81d33ab1ba67b751578616346207f7c84c4511b274408d82f8cc5c232278c3737414c6220ec3f02a4409861b3170870abb58642142116e08879b5fc18de1dcaa4824e8aa9f736a4ff39a74e0767df8e315783c181a0be40e5e877bf5e10edc52996cbe8f8687bdfe15536d274b83a85b16bdb10fd6ca83e1ba30309815c1e72c4dec64244b4d34907708b1fb48c20d26ca78008d2760bd08180fa059780904353c28d4a54ec86285b77cab66e374208386809540d99748d99f3861f49672bd7886cee641f0cfcd6c7ff5539d2afe945ff314f340d6f4f1bc198b9cb9ba09fa329bd737c71c62c221c9c5faca5b3803c7e1b1cb70a318fb1dbed25a255b5bb568976a8691ca6b2d95b2bdb26b8d17601e9bd77d086ac2c2ed4aec0a9195989d7490eccac2d7ca43d9d5cedcbaa3bc6665b8d3041eba0391437843ae70af2ddca90277c8507215f35fa83d3da97f7dff4e672b8337778f76bdbecfa909816ac338485a085a2b0fe45687ac55065bedd671c64957ee560731986ba85668a49aa84300e4f24200023128e98146a2071e397946c01861c48585c50c3d724dd3164de3c70164fb12260e24500c6228f514faa7ecff5bb32172046c3a0c8a83cce9c7ef566691f639a76d9ad14f872f393f3bbdf74ff0982d3c7a8ef75e1ceec24f44e373f489f9dac4576a4adeea0a33d138989603020a6a92845af03008c37291d5741b766d04a7f602d46000b728c33d07a0212768ec05afff1adcb90bee54849b24c979847437ed87d63a974db51f1e334c7c68f331c905c83f7061804a0026900dd815c1ec4ad25aa93faf366caef8e5d19d2a511a8ac5481606d406859472a0aaac3b6220f8f18802075886762ceee1b03282db64b4f6ec8b1b0330ed899bd89b40de1f3fa11743f6ac99fff922f1ab9f290767e8dce379739639b387b366d307d600ad7a66391f6638cd93abfbcc4eb99cde0ccfde85c62ec1f5e2081ced0a13af151bceaae69ec4378549c383fb78a32e50932c0cbed58283db14b9b50aacb25d508b0adc46847acda18fb7812a41ddc7e05622dc25c36d941bce24c43ed0b967a177d554c3d37e4fb6fba9a9ec675c602ceac29955c18c0a900782f9835919cca922d14a03925c2fbe8fbc5f127af78e865211524ea981cabcc848f5b526ce1d2117869f19d113292f945cbe04ec31198c90e00ecdab81a629f37bde8eef892583b13b9672209e32b3c2f919b4be2cf0fc182c18a683e213140a0e05b3234b5cf20ab785ca6c9962d78dd1761a1e09bdbb15a63de5521ce17a61a0df70b3025019b84311ee94873b71bc0f2a40aaa06605a81907b728227835cbc16dea50af35dc7792d77382d76a00b74ac3ed586ebdc2871895883b3b6f1dd6beb65f3bf0d281aaa0ab7379cfe177a19cea50665508ab3c900f10ebb3c1a808e2d686f525ba596b131dcd4d0eebab4769e04a8cf9324fccd457010a05420fb8530f94531e8a5837142c009c1b418a20b41d83533709ebda9d3075309ebc370e8045368c2167f5d17e2612bfcc2c744d0fec5247334d9f3a9c31ebd9405ba443bd73ecfa097ad32c9454d3f6ed37c2af1e89c2730f7853ee702316c00181d104a051e081d184835ae4a16602f44181d7a200becbfba000b71bf23a0ff0daf4109d6a9304c2b45c8b7f17a51e7059d7e598c1032b93e44736bd710f160bfde0fa48760d89591ec42c0ffc4425d68f06a33c106e8c188a7feaa2a9682d27e5a4a200c0ca41bb3a202d06a9cab803b014b1685ac4f82a61fc94255f00d557c4fa29612e28604404b6a89ff7de9b423b01eaea78f2ee98099d28b263f1cccf543d5ffd44d38a4759613b14cd1eca983a98369d37b436b5c669a6b26ac7198d73b0c33547b1ed621f624ce03927ce720cfc010f37cb431f14013410c2201c800c4608052053444f147908c5006af270bb0cdc293b51a05c16a8e67346f7bea5e16553ad031ab82306c448e753d3f92fe096687a5920a32c90594562815111c0023a55b1ee5a7f30986581dcf7e1992e6723880ab17aa05027a2360221570c1a891e04ac2f084302f68a9c841956cc5042f4909484b5b4b8859484988888a8b088ea09a72389649bdcf95d6f460c5f8f5ba550c6699c9f22d717c0e2a0315837c1d89f4635cb983e9633dd39cb1c5a62d78c33aa29ac928105ac9ca2ed1e43cebbcbbcf1ab10af1eeed4879a65798059284008581fc011849e021a86786e13a259708702dcaa3898a21aff50e3d96990e6f4ed8d5577abc91bab138ee86b6a2be1b66cdea62c2f1be174127e178ea63ca0e27c5048e831e88be4e2d692c6f27c5c776be7ea11004679686323df582d454f19385240a5b3b2923b2544b5b198f304792f0d9cbf16de4f4bc94555e13c4e8a282e26bc750bcec8dc3e796057fcf4aed7a37a516395236bfcbee0af6416728ced5e35499a3e943eed583537bcc4699b61970cafd64dc37e09053b048549b74fc3cd4fd97d4761b81322df801a259048fc8043e311308b3f10a41015ebc62dd7103ec4a8fa5f567734d3723db1c75a57451327e5686bda18e9bc541cb05a86d0e763b2c7238743b218c97bb607e800a92a3ea1d018444ba21f0723b33284511a043745443adb0512154a4cd491ae19ca2f00d97365694309313dace4135505e02a8a8c543275f091ea72812a52feca48231f580a5bf0f70436e1b44c8c025bf6c54d134386a35a163ff5217e012c68a3247c56bfb437796a77d2a45f336d7c05aa21330a0769ef16e173f7dc3182021f62dce1ea97dcf6c330a70c6297405dc650931c487c50b33ca2598d8a702b0eeec4c39d0a13f9843c6fb56767346e1cd0255d356f0e77bc616da2aa205312701b441c32eac3e17761804d70532478d89fe279d444ebce0953f00c130d4036a8b1bfa459c8407f805b1d3a98e67177a74a9ebe0a1a862ac546aab13a041d8ca43d4e26db50b9d244235147f1a58a940b0ef31487014a0f8c05bfe4f625602ee2a425b67e2baf7fc4387a583b62cca56c9a0b7dd9417cf5a55a07a63179e70b670fa652772752137ae8e46576c1d05ac1e05ad138dbd4ca9e2021b45af6006ab2e24db9c2bc6a9855080fd9410d585e131e11a92e05900de975f8b63895a06bc4272774dd6d4d539f9c194f7583eb2392dc2faae3e4fb93415a884af1ba6a77c0409fa868a8a172d8402bd1edc252911fdc1ccdae2639db1f0aba65033746f38d15d02f76c597340b651faf8a045cd88d03068038f946c42263b5385d151dacb8a38a7c9509523c46692a78200081a894f24126dc109907cfa09d098c8f12c6564e5a78cb268deb617a3153c793284b742efcf70b5e7f062c68668d73386dfa60ca9459c654d1c85aef1c33a77f256f8891f861524d779f99a1183ced0cb172a1d504dee855a8550d6e964554a9470ec8fcc734e59c672a4f4faabb1edff3c6d1a621ecce4aa91fca9db089ac179a04f9f7e1f7e7ca838e18a8fdd7fff3df428262dbb66eff9ffffed3e6ef366fd92c6066b4b3edcd23b83112d4d82fae5ad586de8300bf2a03593fc12c505a026407929f4e17fac63f700856932f46a64288b620c655e42a4d90c22b5a431ea4456f0262e86fca4b5e9495745410079590370183e64ac44c3cc1631484b6cbea1e318c1a318a1a9be2bb2d7401d52f820577cf32f72015f9846dd63408c0f713cc8c9ee5ec215654cd474582eab9136a3c2893d36f03b72bc3ade288bd6ac54fe411729fab045dd57439aeef7fd1ba2ef8d6649617af3604bce7407dd64a03e1e62897b3162177ec41be373754c3e1559213133ada3adebd6f097f157fec989d82b4ecb77ffb0e2f8d2d0f7204bca3950435bf7ac8aee2875be017dd03c80000d9e630a7804b47ebc39d9e117115266ac97a4aa15a846243640e2966270e410a8fbd222fa92e2eaa2026aa202a6e2029be072b7e4d5e925f6f234702668fa4883056c128b45f236cb49dbac69f76f88170fd102c7e0bba669cbe2791ba3789ea903705ca4320ed49ddcb19c39c97792de2a292174eef87672ce016217a2d6e3457a5c85fe5f939a28bad71f065f3eca717c8199edc1a125c17caab0d655704a2fdcf2040abce38970b16bbd87561714fce8989490d0f0e7cfe77a769dce2da8e73672e6d17101413da511eec083744f09320f0a54c90102b3e093c0941b00a6859c86291df42a13fa73ac4eb90bef7e9c380b725c6aa39462a45c6aa805f997a4acf08d2de04c98bf2e21811611161d1fd5871c0237745a9c78a98b3b2e2f77092a05a047ef53941fa08566c87b0988e5b915614b964688dbf16ee0765f5575f4c85a93db43d09137b13a967f2a92d5446c6c05a6cfb52ca00fb454e8bb8b88ced7e85a6b76a599e3ba31df5dced4cc2af1fabf4bfd11fff840db4a33e825b83b43d81943090520e198c0ae4f9dbc7f7c7b99c839a220fee54767deaf6431bcc836668dc9159ce9bf84c05399cac98687bac0b5c1fb5b6ee4b91262a3f21722a48f4f26006a816eb226815418f4f1e88f3bc9877fde81e09f1705de522c497221562be916a889a9c170ee3a8282e230280101515119114113d2c25063c3de0daf3f51e211650cf8f20652b25212822a1e35ab8338c1cdbbaf4d9e274e817c230be6b7977c28471fce4f592b9ee595662f7ca9bd6c5b87e8e677a93a404d64049cad5c6c4ce444b5d56466287f0ede37be70b7ce19628a4a3b0de170e5a0f9f4a70610120cde5fa5e3bb14f8ffb2e9492f95c565cbca3b39bbe389e1fef19177a2527dd6bb0a706fc51169b3338b1425d868b2a9be4e514d471723d094fe18648169210f94147026021fdd52a52e47d87729f6b70fbdbb85b279c95e5af682ab9a9ca6719009385cc4e16181253f59440703d53c4ecc148080b8b9c901577c6610e4a890b088bec9512f706eaaeb811838a92cf95240f4b890b8a88e93cced30c234737ce7fe64b7f012c28b66b6557c27a97a76d9a19d3b11cd9bc10ddc9f4caebc2ca29efd622a47b9e579092bc717cdf55cbbdf25218acb8588ef755347981b8433042927d15b8bc20c0296aee0b33234d60a9e096d75d6f1e69ebe997e5a7daef53d7c76c3697df7aef18cec349a7b23012945873cbeceed1a5a9553880f4eaaf7ffa33414eb69a74178433df7001b0d828617935a14329ee373409054f4e7f8879946ea09aac8d0748f15b8f8059200386a82193170020091151603edd50978054d1887717bda320e18d36b9f87879e1b1bb302242a2e23acfdea9878c45372f7c0f16f44bd930be6bd5240e8045be5634f37e9215d1ba1cdab4486a580a6a59deb9cf5a5751eac119f347a70ec31d6fe0bac8e1540ff78b160a18a9f07b76700392f5404dc7ad0a5e2ef19f2ff20748d9ed374a7a7a096836ef5d5855f02d0da29a265ee19b3f7f2d268a11dd2460fcd73f3f3ea3f1d449b7aba500fcf13ef21279915b58d326212671c7c67430c583591d820ad6065e201881083644bcbd7bf282b4c46be753c1466a45fce68c21b21200a855babeb237b20e0773464e524254444c4458434ccc092781980682a48684a8bd2cdf9422dd67f08c2b1ea32c2a2c2ea7a41b32480c1e8e6e9affe2d2b79f08c38e659358a41f76ad68b68ec22035d1021b177deb6603da580e5e31d262a24777edec887565d590564194d585c2f5615d71aee6461a2e672d018300adb8d5c1f3f92f93dc2f5db1da9df9ec32fc3e62ad2c087e1f167cc74e5a4ae6aea3e36e2363a1ad5b315218a93f7f6d8713f47a6010ee6b4b5fa34dcc73288b5066f1fb13fb0d5965fe200c991bcd19361283418893a808866a433f663cbbaf49b8a48ef73224161921eb01f86b23c0f92b2d0537458c1f010b141d2b022a4131aca8a8bea40420911f01b31f83a44260af8083473af478cc1d1c56445040dee0a86ec8906ae0203f0c7fdc8effea8bf7dcc476ae98bc056091af164d578dd3fd1b167ddf2f78d7cd7b542fba572fc8aa991cd221cc14fab22a48a03a43dee79a10b8ed35fc2e3acae95496f7556e4d30bd3290571db254e8379bef073c3a1d69aa04f2ea226e5818176524203dd8e666711111112161253985c3dbb73ebb67ece56c343f3336bf0a4d2ec341d1a96e0efb41d8ae96066c1885a0cfaa1c44c5d62a82834f1f7ea028754349becc482dc74839cf50199176436230d2fc430c01415c64bf94044959eaaa02465942ec010ee383c75e95c33c46ba3718a481a388798e97329391dab1f53be573017a1193aa7efdd18d0b1bf336bfa059e83a99f625c3188a710cf96cee74dee09acfbb856735731e55f34fca675c6a96cf918ab76f174e75bf00374403fde6d590523c2e1d33d638b95ba3f4e525f87d24541b863a6fa4bee35407232a863c0c6457874ca4ba4f3517008677b4b54a894b8aee104c4c4c09be7a292cc83734d879a8bf768d05f75119b76edd6d0c73841a2241d2f8a21d5d2b0b843fbc7afbf8ac87a25406ba7e841f8605466a69200695b02f08984b729207b1c88405487c0f70928692a24f5017ba31105a7910b06e782c5e44484206afe951a31336aeea3710b5ceac1fae4afa721826772f1bbd190360d96552412af4aa9d77ad9a7b523ee75c3a73b770cab162d9d0de59052b329ee10d321d2853befd66b3bec19e3bf71e1c3c6c65b35b7b22cb0b4006ae134df6e8d5562057089e013f5f4a72ba79e3f6312b2bc1cd023805f9a8d090bba67be262d3c382ef4d92bb565970c9fb8160a773f0bb50c64f2085be5420b0a3193e375e6822461459a2b4de9c5149d4c5bba1933a2e08228041481beb8a8284a514b28810ed08227d2ee018004c3e04497b79acd096efd40e9d318a9ed00a1c54f11b8c5d1778e807a1f8459f05558cac19bc261bbf261f4b99886e5b72af9e7b50367bbf74fa4ed1ccf57cead582d98be964acaa81b90191591b76fa80015e5179647c02fce6dcfc846f50a4b9891e25fb195417ce44ae16b19408ad80b12c278114395ff8c25855f17ffefbcf22c23b30929207315892e3fdbce2d2d7218e6bcbb32006bb9b9b974bfc36ccc7cf8195ee73cd479d50812e6642bbefa08426bed5c4bbe124104410272585a83801632b23e98a04a6e4865d582f749e2a4aa8888a4888638ebecc377a4555f7ef53f61b281d58db0832decf318b9f2f5b26997ad1a3bbde8c1d4e98f06f9877a998bd5d3873ab70fa5adef4a5dca9b39994b3794b87bd73b66cdae27ad6e2b811d1c9f971615a8c8d21e6c979cda69a98b8e4dcd3874dd64afd400c025d43e617aa48a81747940bae0bebcbf437333620ca291a894b3d30b36e68fc10197aaff57d06a85f0747a9acf731dc8ac08d3656f04f8661635496ef4d7f0d7c99b15a8ea1520e2258ea71facaaf35159e225361282e04498094bb22d60527e545e04fbe227473073e1e8ff1c563cc65305bb76c32b2b4bf50bc44f4efd30efca8e2dbdb3ac1d858eaf62bb2e1cc2a072065f286bceb0dd9b31601eb6adef495dca98b39d36732a9766993c79329c73216348fdddeb1651391a074f298354670fbe6bf6ed6f8e62ff71de43bdb0a03c293fc6e1c879ba2e81501e865876cf4090299e03a1ba217069a32df90223caf66a4fac7463abdaf8c037f79716666a52e8e5d16c0fc69a4f8069503aa85e6e8aca717fc95654b77a9e5a1a9b0d498785549de4f4d9e6f9df8b36148dc294a3e439acbe0049d7c458211eb4b903c2b8701494612237d23b9d12e674ed9a74f2bf0a346c047ea329bbf6afd5781b5c8e0d8a44e1a458fe9448d3fa8980531782e937a3e6bc2219d6a9b32712c9962194f3e9c3065e25b2b254710dcf4dde54b9733d2d3646565741594af1f524c8f77a12ef1fcdc1eb5beb90fbd0b63fe5d77059c939865fe9ca638368d32bf38393adeb3b83483907a7e9451fb8a5de10f8a4176056963f5431003c97d41481457208d4080f55a4560fef3ab93f93ef117cd93d5718548cf0f591a08287691206b2327f99220e5be3e098641a65a1551f142e311e9cc282206f58a1c56464c4c68ebe6fdf7421fd533cce246547cfb81ba1f7e35bc80b46820e8177dd646a5c673299fd38e18d18d1abb923fe558347d3a6dc22e7dd22665e26822f9483ce5502c655fccb8ae6b3e61affda6bf7d1d1c18087e8ba8a21c131511e5ee999519479e591a2e896f8974e2d684221a5ff10382a078d584c383d5f0cc003cd9c9eec86122061d296558484f062d712a42d03616f2101452bcbad0de04f7b74fce8d677abb9a68065eb008dba55182441fd24a06bea1c8482d5c5b59515ceca63ce6a512c04812e44abe3cb923dd2b64bc4019672d2b292122262ab045e7b4cbe59285dbe5b37b2286d4fd0671cffb1d7326b93fb13ee44b6d65b4f310d9b2a412326a1c3d6a953c0974dd3685629d3c6999403e1c3b6e1a33bee7d5a851d4884134c528721ca3be4787483c7fe6f4b62ddb0f2b13df92fcf30b92c6261781f3e6547c9a98f9615801fd06de9559f29259e4cd2c7ace2c7b09148d8d34f9901864236901ad3141fd84fe2e0315a94427fb9b7bb59b48f79e28c9dd5195cfd157ce3502a91059c58b08bc11b1dc98f880282f2f2676454ed25b09c36ff581887b812eaf0765e01579ac0e5642689b80b890b0c10537fb9cd91b25d3b74a67b40286340306a53cba43eb66bebffdee17c1e2df115a39bcaa1d310422d1287af446e10c2094793ce5e0dbf17dafc74ca2c70c2247f42247f5c3870cde4c693d4817dab64d4654d45a57dbf3da99d2c298b6befef9ae77ec323f7ad57a34b1bfa03e288f4006a80a615587029890104370e1332b186d250732905720312a82405ae849f6f034205e5256f0b7de97adab88b82a038094729e01008b5fee28e718124b8dd5dcd5e4b5b012a658f18b72127714b0d7e5a5cecb61cca5302a1212623b80b86e5650d23675493c95b7782a73c2b162f64cf6948a4fbf867f1fdebbafa49fbf4284fb630fff931316e34b6c8b048a4ef8a87ed4d8a98c29b3b851d337e3bb5e8d1a468e1a440ceb4600b0c60cc23fea458ee8860dc9eb1c9211177dfec26d68a8796e86b238d0ca2a0f6023cb1ad049870ad297749a04a8c4fc6c9219a112d2a8425a5720fa38ebbdd020643eb53a78a922e8aec5ee784ddc43755c949e7221322541cc3750468b6765b47e06e422661b29171a106b4c9045e0b68af222a292182121e1ed0202db0404b76f13de2620a7a2a37fd1f3444c8f43de825deaf885dc89fb55338762464112243cefdd1d3a343acffe5418fe125868b0a2f7cbc3b7f2a7d443860d23470ebc259bc58f1b458d0242e9468cea858fe8848fe8878fea868f80ca53ffcdacea69efad7ffd93cb592b78a090d594c428f7476ae9da7050d941d5e18c0a1485cf38f57df952415a7fb82e6a48dca12c03c533cab5f2205e6d18a786e4ed70244403f76eaf46c56e8ddadd1a458628a710a490e5cfe8ea5ea4335366ac9aacaf7297883390925611129010d882c148cbaa68abee3b6970f6e9018f4cebd85e879c79bbcce993a9e3761913d78a67ee94cfea060daafaf6c97af65e481e5fdf01e1fb25edbfb430045d7b03a775d2b44387f523460c224676bd1ad70f1fd6091bd1032374049ce8a027baa48fbad154adc7b9db84242e991b434d11abc5bec83a8e77e194748ff2e09be3191ee0fcb359e5206645d0cf18a81f4cde80029392f5dcd9cae4c08e1de764244dc5848f8b8bdd55908ed7512a33465aecfc420720556eac9a6ea0725355414d521c3049709b808cba91b683cbc167792792c9365973b619d327b3666c33a92753c8f66914dbf40987ac49c7aa5987cc49a24f9fb24f3fdebb3fe9c3c26f9cbe5f5f00074dadb28d230128c328401ff918e90280428601886080135dd2904ed8a8ae5f87909c06a8ae9935c85a175e5d5889dfed5c77cfcec8b7ef8382ca02ee32d034c7fc641d7e055248b55c455a29f58f79729674f958accbb98c97b7f2026ee704de72b97c541d277f4951260fe98b8224a85a62447457c7efc46204b66e11d92188d73fb4fb51c2d157bd36d9b4131933c793c92792c74fa4904fa4524ea64e9c4ca7d8674c025a5d2e98be5b396ffa6a4cd1ab57c5bb57cba77792c6fa8d0b433e6d0f03432e2533c4a061107700a9758000649f81a543faa80d9e09e8de21b7f3881e815b17462f0b80eb822b7d5fcc2597c28575bc8277259e4109ae57904966be21a8fa55600151e3548580105e032ff82e1c7e1f013745c36dafbb621e3f38647450067b445e2a6ca752f52eb5185da5230ad2c282db408e23e81ed8f530de2a61ec78fafc3190c113468e278f03630860b24191b24b9bb04d9fb44b279fce9abc5d3a7b218faafeb257e5798f8c478f53f6c46f5f7284d28a3f7f5d3bba4a0c1cd40f43a0d1018334a41d32a44d1ada19820cede021eda0019d28aaba5386a090d893d347e0e6d7ab6501501da9c2efe9525a192bbb122e6b78ef1f5df8f216bb96842eb7454d5635e9578015cca842bb7d55c8b22c508473aa8243efdaefd8b2cd414eca5d433100999e507351572448886dddba45569ea07f3dc82a916c9d366795387e3471c43a09d4b69413c898b049a1d802b0805b4ca3d8a54fd8a7532ee54f3b56cc58c68fe33cbb89cffba4ddbbab3eae7eba97e4d7aefcdbb8c11fc16c8dcd3d934651f51fd40578818823a148050f69919001c0da1938b03392aa78ec91f8a6afdf453d448be760760d6932fb59e90bafd9d49222cf40bfeb7674c42584ae5ba72f3b892f8005dc16fa9340ec91fa66a93820d6f57cde8babb76df60b09ec7844543885971712dc2e2cb85dfdc8c583211facd3e72d132856f1634793c6ac93c64f24918f83d04b2103936883300b0420800941ea74d6c48dd2f9abc5339a2ffb949ff549bbf69c7833bcc6e2423f7b6ff0573f73b31c7adb279cd04a5309180484da89a0f3510b20153ca419f45113416a109cef0ce8c3ea98abc988af219704ae3010e005847932dff7f6718ba7e7ad00d7b855a4f595303fd74b08fa2c5d923e7b889e20fc0a86df8581280e733e7d505b5941545468db168c8ca29163b455ca946512d5226ed82a1e706adc3a69ec5812e558f2d8f154323f006df8b44a9fb40731983179a9601ab8768bd871bc57b79277b7f4d3aeb70d739f3ce6efbfc3628dc5338f1d530bf80890da1904c6a056d04730348386b402073449231adecdc292f2572c4cc09b8fc40eaadf2b250170f7dbdbb6a6cdd1ce6839fd8b19108950f0eb7464f902099997ffd1b2195030329079b040b8e3edbd5387befedbb7cabaa6fb5e561d4d5b308f1b0501052a56ab040016f958d238902a44d7516601a46c51b5029cb24b239fcf01967dfa42de949a4f3fc1b34bceadd734f4e32a728b2b8ff7b36bbbbffa153b81c0793d34a5970320fa34030735f9c7800170540f1cd0228d6ab8576df9f65b9feb2780c96655043090f0095a2bf5873ebc76b63f5817e604d547fc2abb80d85112d072a81699a140bb3a3f5a6304acfcbbd0c1247715192c564ee97064a765f2b479ec478014883eab043282140a138a1422587c5ad92248015d47ecc295c2991b6573fba286e59f7611bcbbb04f3a33db17f84bf8fea17b77f8bb2d7178bc8be9149c6f1f90738d804130349131a0e1dfaf113c46bc93b2e99b6fc3ef3bc0ef51ff893262b52c18102ad2c9bed0ef36b83c66c52f8a5410a32c087a1f56f8f2468ef7155e5dd88ff14518570e7e26029889effef6cdcee377ac52a6cdde8e00421d058442061911f5a4f11f23c557ab53191317f3a9374a674ea651f01e9d04af6e89275da76287b95c887f93f93fe746a7b609facec08f1afe03ea81002ce40439f7ebd32091552e4701b022efdbc1efc3f8cb64f9f108d585b4443b87deb383eb7e192ca4a6a922d14b030fa829a57b5f811ba3d72a027efc634013d7ca834d345585778898be28b34a9cb28c1b3b0a141d418a723411d1f50da4c836a99f8305d48a7c2e770a58f68b45539a7e03f26e3d0aee5d788f9e96b1d5cfee6afd07c2f073bc5e54ccca3fefd7420835a01630a00ec07ad9a7163ca672337ecbb7df05399e84eb42e81588b44f647b4f6679716ac34028bd7ee0305bf81238a69f430ab10524f6bbb0c40b5697b4d429393e504dc88f9985b4f01bc2b35edc14daf4add29ee3e671148b78b22582d49875c2b83522559f68059022f361e20f6044cf6423ba7eb564664fe4b09c6b27deb35bec71874721150d40def7fbc7fd8360a1969e4763724fc48e115ef46bf9f713fd06d4fcfa8800acc03195c765029b36df3a6ecaad415a0500205a897fd01d3b6ad60b10897d094fab826f23a443562d84a0cd86f516150b51eb00565920d0a9d5caa0ecdbf6d77760024f99f19a23808af317836c483b522471aac3668a5eeedb49141210dce39a6e95b660113b6c8506a035ca2900d6865a6de83a0a13705840aa2ee64f01af60163b2ae7da8577ef927cdc691e3ebccce040bf7abfc05f79db2fc4b76add5406102c25df3ec029a2ef00d1a79fe83fa4eafe5e4c0aafa384a315f901a4e8486118521ff5f0c6b17da0ac835ba256cb02e9c8847e107f25df1a3a050fe28e59150c374471df4774bc7a1c6275c05316ef8a53ca75bf0c374502fddab00e24b4f421a1b48a24399edcf2f5d72a7b8f5b258100046a35f6092c3ea73e937632df2ed8a44d3a64522ee551af964cd9a64e2aba752bb8754abb7628ba777550d67efe968adf0916b4b195514ef722cebb0fd4e844df7e55df7ea415eb3b20b3eb94e0a66fde3eb9083746ae95019f1508d7875784dc3bb1572ffee939263249110ad747c0f591c8bd3b0d11c8684456c854fadd8e72307f8c57f6c0cabf90577a86576a0ebd07cc14bf9644bba6484f1941ea5d78e7db470a18490909997d2fcb8f26512d11bb30c6f70ad689e39f8305fc277fa065e0c4f95cead5a219a0f1ca5edd8056724f3b251f7764b52efca2b1fa5d61b8d1b0406f9a827d2ba6159ef5aabdec55f5e953f1ee560da410aec581ba0cf8c48fa9eee0aae8c89aac40107a83494f1d6d0f381c34f0bf713cd3fb6a43947353b47391ffcde05b274eec3738adaefa4249ed91b86c88865ec60987348be3fe06bbca836f43efc12b20fe6323090672aa43564a83f6eb6a6cf9e61bbdf3cfac92a72c62c72c13c6f948a1c68af28324688b706ac23e6bf2423ef572d1f4991c2af145afd4930e9c5bbbd883764fbe54217b6bfd4b760c4137ee426769c1b89733018a29359f5ee517fd4acf7b547c3ecaef3ebffddb6f8db5544752dc014c6be5281d00a1de4750329ec5bb9e77396376c7c6f48eedfe5b36fb1f9e3a74edd85e7d82c2550999700d9de1a05770493d5cd490e9ee3197ff825dcd5fa18cb876a44eaa0ae1bc0bbf6ebd6ff3dfbe563632337b3b6c193f691587706a9d5688ae937f9804d3c8a7b226cfe74f5d2a9c3a9539a9eed32bf3b84de169e70ea7b69ba9e35cdefab69dffaaed55bedf140e825758bc2ba9648097aa4fbf9a4f8f71c428d1ab154bdcbbed9bbf996811fb93dce1c608066a9d908e4d0d09b947bcf515b21ea2ed0ddc8a1e5b5e91735e445d3d1a6b7f869e53b59c565ce4e957ec7b1b71b6e5c1681b1ee99172aa49706de8a3d366db376f95c3a91d086eb04ca49ac78da0fe73ec68220541ea33170a922082571af97416f57ceed4a5a2a913691425cf1ee9c7edf2ae1d224e6de7624756994873930741bf759fa3dfb7710fba4d24877735958c75ed517adeabe9d76bfa9aa2e3dd20a57910f08b88934ff3bc8a2cbaad0d4542129d405e2d03b63e805e1ab052062c6b001d24c15ac0bbb09ef8a72d51ee35c18f3fbc7ec4ab0d61f05bcc489b21905713c6aa0e7ee06026b06993b43cc1f479b95532406a0c35eba34713f96a45f95ead5066d9823a3997722e6f0a1805f3f851bc7ba7f4a3763997ce1d775bcfbd1de1ef07f8fb36d2fa7d5b4241fcad68413de598499176ebc67bf5aa3eeb367d3b71206a4061df79c1cd9b85b609826c3892f60ca4305e4d28a33210c83903058e8dae79447c0308310411947ab5a110e25d41ae4470640342d58793b39e3b1c32d9b66993ac9cd2fe17e5a05a368f1d3d1a8f3875cb24325a309311c7904cb64e0690819a791cc8f9d99ca9f305604cee891a927edc21fdb853e671bbf0bdb66b49232b4cee4fdd3df1afdd996d7d975e087e5e3a25ebde2defdea3e8d1691831722c7552ff7ab0a414eebbbffc0f5141ceef86ed689a17b726046e8e8001712a820116c085a30533920780baad5604ad96f90187c1ad0a01f10b06ad3820c1ed92064e6ecb375fcb2baaed03663d65ce3c16a96cace210a9b202c62a71d41a8169dc3a79ec780ad92e63c22167f25c1ef57cc134a866345ff6611fb4cb3e6e937cd82e7abfdd2d9fc2ddd807ea7f7b67b6f58e176f3df166752c2a3deb9176ed5474ebd2f0e9b54c9eb50e6bdc6971414840e0bbbffd551e8bb9637b20dbfbea408a175c4b42eea400d6e17d24baeb4504728705188d5170d3ab995cdfda306792d3a9837aeadb366d11deba95b8ffd4a1f0768be419f3b743a8b142914a185ba755327244b3dec4e91c20e7b36772a74c5f0d2b3ced0018c93d6e13716a957bdc91c1efacc33cde1fb08dddfaf292757ef1fd6ac724dd226a08f3a44bce15b8be0ebdd011db8c196bff3c5db3531262986fbffe4ee09b6f3470b216465a376d0e053ada25ba5f4a72bf98e07639c9e34ac4fdd30fce58da1ed03752c76184767cf797bf0a6e159057d537bcfbda2c6edc2261d2fcedb045fca805eaaaac1247c1401c0350f4b471bb4c40a8e9b305d30eb954a050aacf7bb0ceed320fdb310f3bb6df6d3d183cd0415ee5efc6c683a03f76ebcdf5d4cb4129b6cce4ba174d123cbbc41f7782d48373eb348a98b0499fb27fd3b8ffe60b558303c0e87ff7cdd66ffefbbfb67ff3b5d0e6ef44b66c16daba5978d3b7829bbedef2973f6df9db37c2e2b2522abaea87cf193f4a3a14dd679e3405aa1333107d7163e60035042f44d78f25031b35699f0d60024137733a976a9130aeed3f20fdb00de3dc2afda84df0de07d9876d2eb9641a2a526cdee7bba8ffd1fb946edc7887fc571a4757ec6286251e75609e74c83d6907e5855ef09055dafc85a239fbd74d165ec92637fc358fdf533a7215677c1c677c4cc5e2a6aae50dcdd39e06b7a3767916ed0fef344b9e334b983af276f4c89b61b3b723002ff338c0a6f163a0e24ba3d8674e0274cee44f81013ce781d7a3ea3e3d520fdab0ceadd847ada24e6d828ecdc722871a86573eef02fc53befe89db05afef8a8fac68e7f0d2da16f706f64b3e6a177dd026f3a44dd6b54dd5b37b77e4f8c9bca5b325f4b345f3e78b17ec3340be1f3f9a3a659e386199b16096ba609e3863163706300254b24c1c3d963c713c057093629735712a77ea2cc87185d30e7993b619148b44b241d080a25b27e641abe4fd36844d8e6d3bee7c30f4e94d6e9e63a11df1bfdf4becdf06acef37b584795cde3ac5d698dc57ef67ad223f8a39b789dd6f937cd48a7dd826f3a859c9a3cd2070f0e0ebe1a3c9e376e9936772c8170ba7cee54d9ccf03b96cf26c3ef56cfe0cc0e55cc1f4d9c2e97385d47385530eb9d3c7532980627b2386b5fdfb80264a021e3d68c5dc6f15776edbe1d8bae376cb91908188dae955d6fa3ef19c7f5ca2fe6561b8b133e3c63fbc4f90b178e5bd4b3753c6716e1d9807edc24e6de2ceede03ab10fda80aee1dd3a95bd7bd49ef7e804f61b060fee8e18327d3db22f1a1c874cc287f4823fea040e105f742b79f5c83fed907ed82e711f00d48ebddf2e72af65ebed66d17b1f804e5d4b182ded5902be9c1f76dc4f9f3e00fd933ff8e29f06d6faa7767c0e1904713e2bea2796586feb676d5f0f697bf78839b70adc6e11bcdb26e6d40e3822e9dc2609e0736e97026479d8268540091eb6619cda24ef774838b5a1e383c8bd0fdbef347f77bd49d8b155c3a3d32662e8cdbb59ca22f3d3ff81c3e5411b5ba3fd5314fd5f25f03fd365fdc14cdcd02c33bf73d1b7947a297ec41068f3c336e17bad42f75a85ef368bdc6ddb71b70d602174b775c7dd16212043773f088371bb190893eef39ef36f477c8b28b99d4b1f67e87fdf6e83fe5ec8ff253be8ffef7deece679f34f1fd9d60732b2cf202ab698496d3b1145635e35f36e15f460d28a7fa9752034aa92f4ba8a19533d91d8b8dc3cbe0c76657d89f7ff0c23fc53afd9b82f539d780fa72a0df8938886c0e17e241bcfffd8fe1f9e33ed109e26f7789164de816ab2853d63f5387877e380cb0ba7cb5e6a04bc6787fb726f60ff8c8a23ff0e3aff865f88f08c2776c30eff3bdb52178a30a8579df6f9309fdff0aac4f9f2db1be99e38f2fffd3bd463cf8ef3e01ea8ff924acff7cb0da7fc0fa0f587ff8d7ff0b283cda5d749d54250000000049454e44ae426082, 'HOMBRE', 40.92113102302356, 3.047627898441786, 'tere', '1234'),
('tere1', 'ertert', '2016-06-16', 'MUJER', NULL, 'HOMBRE', 0, 0, 'tere1', '1234'),
('tolai', '1234', NULL, 'HOMBRE', NULL, 'MUJER', 0, 0, 'Tolai', '1234');

-- --------------------------------------------------------

--
-- Estructura de tabla para la tabla `usuario_listaaficiones`
--

CREATE TABLE `usuario_listaaficiones` (
  `Usuario_correo` varchar(30) NOT NULL,
  `listaAficiones` varchar(255) DEFAULT NULL
) ENGINE=InnoDB DEFAULT CHARSET=latin1;

--
-- Volcado de datos para la tabla `usuario_listaaficiones`
--

INSERT INTO `usuario_listaaficiones` (`Usuario_correo`, `listaAficiones`) VALUES
('ivan', 'Tres'),
('jose', 'Mercedes'),
('jose', 'Ferrari'),
('ana', 'Mercedes');

-- --------------------------------------------------------

--
-- Estructura de tabla para la tabla `usuario_usuario`
--

CREATE TABLE `usuario_usuario` (
  `Usuario_correo` varchar(30) NOT NULL,
  `listaAmigos_correo` varchar(30) NOT NULL
) ENGINE=InnoDB DEFAULT CHARSET=latin1;

--
-- Volcado de datos para la tabla `usuario_usuario`
--

INSERT INTO `usuario_usuario` (`Usuario_correo`, `listaAmigos_correo`) VALUES
('ana', 'jose'),
('ivan', 'ana'),
('ivan', 'tere'),
('ivan', 'tere1'),
('jose', 'ana'),
('jose', 'tere'),
('tere', 'ivan'),
('tere', 'jose'),
('tere1', 'ivan');

--
-- Índices para tablas volcadas
--

--
-- Indices de la tabla `aficion`
--
ALTER TABLE `aficion`
  ADD PRIMARY KEY (`usuario_correo`,`descripcion`);

--
-- Indices de la tabla `contesta`
--
ALTER TABLE `contesta`
  ADD PRIMARY KEY (`opcion_idOpcion`,`usuario_correo`),
  ADD KEY `FKg194ed30h36pjotvvsq4hwrx9` (`usuario_correo`);

--
-- Indices de la tabla `mensaje`
--
ALTER TABLE `mensaje`
  ADD PRIMARY KEY (`idMensaje`),
  ADD KEY `FKfe7i6rdxgs75qipyo37wsl6xd` (`emisor_correo`),
  ADD KEY `FKl6qjtc0ic7qmqpvwf4o529gsw` (`receptor_correo`);

--
-- Indices de la tabla `mtipopetamistad`
--
ALTER TABLE `mtipopetamistad`
  ADD PRIMARY KEY (`idMensaje`);

--
-- Indices de la tabla `mtipopregunta`
--
ALTER TABLE `mtipopregunta`
  ADD PRIMARY KEY (`idMensaje`),
  ADD KEY `FK8mc8qren7xgdgbciadj2o4yur` (`pregunta_id`);

--
-- Indices de la tabla `mtipotexto`
--
ALTER TABLE `mtipotexto`
  ADD PRIMARY KEY (`idMensaje`);

--
-- Indices de la tabla `opcion`
--
ALTER TABLE `opcion`
  ADD PRIMARY KEY (`idOpcion`),
  ADD KEY `FKetybo70r73f1scy3pmqsr781u` (`preguntaMadre_id`);

--
-- Indices de la tabla `pregunta`
--
ALTER TABLE `pregunta`
  ADD PRIMARY KEY (`id`);

--
-- Indices de la tabla `usuario`
--
ALTER TABLE `usuario`
  ADD PRIMARY KEY (`correo`);

--
-- Indices de la tabla `usuario_listaaficiones`
--
ALTER TABLE `usuario_listaaficiones`
  ADD KEY `FKjanq7r7lufa3v9x6rlsnkolnk` (`Usuario_correo`);

--
-- Indices de la tabla `usuario_usuario`
--
ALTER TABLE `usuario_usuario`
  ADD PRIMARY KEY (`Usuario_correo`,`listaAmigos_correo`),
  ADD KEY `FKavn3h2gesk4x8fd1452xjp8fc` (`listaAmigos_correo`);

--
-- Restricciones para tablas volcadas
--

--
-- Filtros para la tabla `aficion`
--
ALTER TABLE `aficion`
  ADD CONSTRAINT `FK2wvf0cwwk9fjscvpi9ac73wx4` FOREIGN KEY (`usuario_correo`) REFERENCES `usuario` (`correo`);

--
-- Filtros para la tabla `contesta`
--
ALTER TABLE `contesta`
  ADD CONSTRAINT `FK1mka8hp6qmgscif7fufx7m4g` FOREIGN KEY (`opcion_idOpcion`) REFERENCES `opcion` (`idOpcion`),
  ADD CONSTRAINT `FKg194ed30h36pjotvvsq4hwrx9` FOREIGN KEY (`usuario_correo`) REFERENCES `usuario` (`correo`);

--
-- Filtros para la tabla `mensaje`
--
ALTER TABLE `mensaje`
  ADD CONSTRAINT `FKfe7i6rdxgs75qipyo37wsl6xd` FOREIGN KEY (`emisor_correo`) REFERENCES `usuario` (`correo`),
  ADD CONSTRAINT `FKl6qjtc0ic7qmqpvwf4o529gsw` FOREIGN KEY (`receptor_correo`) REFERENCES `usuario` (`correo`);

--
-- Filtros para la tabla `mtipopetamistad`
--
ALTER TABLE `mtipopetamistad`
  ADD CONSTRAINT `FK8llhj710hxv70glyp51hnmyak` FOREIGN KEY (`idMensaje`) REFERENCES `mensaje` (`idMensaje`);

--
-- Filtros para la tabla `mtipopregunta`
--
ALTER TABLE `mtipopregunta`
  ADD CONSTRAINT `FK67gv9x9w8uv15tgeuaxudoesm` FOREIGN KEY (`idMensaje`) REFERENCES `mensaje` (`idMensaje`),
  ADD CONSTRAINT `FK8mc8qren7xgdgbciadj2o4yur` FOREIGN KEY (`pregunta_id`) REFERENCES `pregunta` (`id`);

--
-- Filtros para la tabla `mtipotexto`
--
ALTER TABLE `mtipotexto`
  ADD CONSTRAINT `FKc1j0vujcjcyd7hav1kb2v5um2` FOREIGN KEY (`idMensaje`) REFERENCES `mensaje` (`idMensaje`);

--
-- Filtros para la tabla `opcion`
--
ALTER TABLE `opcion`
  ADD CONSTRAINT `FKetybo70r73f1scy3pmqsr781u` FOREIGN KEY (`preguntaMadre_id`) REFERENCES `pregunta` (`id`);

--
-- Filtros para la tabla `usuario_listaaficiones`
--
ALTER TABLE `usuario_listaaficiones`
  ADD CONSTRAINT `FKjanq7r7lufa3v9x6rlsnkolnk` FOREIGN KEY (`Usuario_correo`) REFERENCES `usuario` (`correo`);

--
-- Filtros para la tabla `usuario_usuario`
--
ALTER TABLE `usuario_usuario`
  ADD CONSTRAINT `FK9jeraj5v4e8nxcms6nmxmyyxr` FOREIGN KEY (`Usuario_correo`) REFERENCES `usuario` (`correo`),
  ADD CONSTRAINT `FKavn3h2gesk4x8fd1452xjp8fc` FOREIGN KEY (`listaAmigos_correo`) REFERENCES `usuario` (`correo`);

/*!40101 SET CHARACTER_SET_CLIENT=@OLD_CHARACTER_SET_CLIENT */;
/*!40101 SET CHARACTER_SET_RESULTS=@OLD_CHARACTER_SET_RESULTS */;
/*!40101 SET COLLATION_CONNECTION=@OLD_COLLATION_CONNECTION */;
